x1,x2,x3,x4,x5,x6,x7,x8,x9,x10,y,treatment
1.024266297,-1.051538637,-0.846661953,-0.121326483,0.59686567,-0.249717541,-1.046936137,0.378887156,0.088590108,0.1965342,-0.183115465,0
0.388682861,0.253976991,-0.821879801,-0.698374726,-0.362945685,-0.989408899,0.246347425,-0.090617551,-1.901426419,-0.9018386,0.709280409,0
-0.67467911,0.722499781,-0.15767351,0.250875849,-0.183640477,-0.687177983,-0.317861264,-1.067048565,0.794441368,-0.828839288,0.783792564,0
-0.585530781,0.84485225,-1.511586193,-0.716640474,0.098571019,0.574727935,-1.460571884,-1.86190101,-0.242845606,-2.15191248,-0.302080558,1
-0.498506997,2.447893827,-1.020383803,-1.149355263,0.446485599,-0.039800193,0.334480859,-0.648178788,-0.070055002,-0.191699852,2.257705528,0
-0.224766667,1.32611685,1.928083606,-0.231223899,-0.937613191,-0.598635305,0.639644762,0.648204953,-0.236165627,-0.964161466,2.403511186,1
-0.300490412,0.104987547,0.315824672,-0.529069888,0.099185317,-0.195350403,0.078933109,0.292433123,-1.368272893,-0.647847673,-2.552602011,0
0.053910965,-1.076694127,0.091013539,0.871368398,1.379794426,0.796861479,-0.595812551,-0.039678534,-1.029351004,1.239844703,-1.211979932,1
-1.301446801,-1.946799644,2.211015083,0.805071912,-0.789172668,-1.542971139,-1.639950887,-1.187484692,0.073323177,0.829780525,-0.477063247,1
0.846013275,0.301669026,0.996052749,-0.988295032,0.551642561,-1.441953405,-0.10939576,-0.593895925,-1.947680678,0.689576699,1.966917198,1
-1.543202126,-0.158866838,-0.505395067,-1.068815577,-0.210424738,0.512054855,-1.095859091,0.926242023,0.040405551,0.471770309,-3.164576611,0
-0.223289448,0.38707686,-0.155173308,-0.371408204,-0.316897012,-0.740170216,0.306386008,-1.000659028,0.434607836,-0.210415995,3.149303284,1
1.715971764,-0.877670885,-0.828533582,1.414123186,-0.793723285,1.179772814,-2.704081122,0.561153389,-1.704708284,-1.01695724,-0.432715421,0
0.297113384,0.234485717,0.302207136,-0.834263897,-0.344862666,0.616023261,-1.054440102,1.110182751,-0.055589691,1.407514994,-0.187749921,0
-0.895078015,-0.411150042,0.422300362,-0.82012387,-0.946544122,0.3522496,1.860504927,0.333516497,-1.264822556,-0.741458831,2.561737433,1
-0.014435894,0.157984469,1.403374026,0.188483176,-0.710010649,1.983235415,-0.710344081,1.131860025,0.49684277,-0.775737054,1.195669081,1
1.652280453,-0.416353982,0.317044449,0.878478462,-0.655194345,2.042709845,0.194404555,-0.882071862,0.496555346,-0.179178636,0.620108736,0
1.5867967,0.440637665,1.495184497,0.905253909,0.955018651,1.359019835,-0.401414558,1.417277721,1.010514234,-0.024383702,2.40920611,0
0.642463626,1.069518332,-0.04060426,-0.082207181,-0.102672697,-0.483998201,0.251170481,0.603828153,-1.412373771,0.652751216,-0.902190985,0
0.296550866,1.135826729,-1.102831691,-1.215092808,-0.034126844,0.919041547,-1.169884215,-1.150056595,-0.063070244,0.202898629,2.528994123,1
0.681303852,-0.916627419,0.498972628,1.202010141,-0.292540268,2.659401773,-0.652257671,-0.260746062,-0.500100222,-0.724193884,-0.285596023,0
-1.553758444,0.270593756,-0.493186689,-1.635129308,1.072489107,0.553664322,-0.389523794,0.086204249,-1.520138488,-1.113900496,3.393227057,1
1.112190134,0.199228469,0.574710664,-1.338855283,-0.349050736,-0.037720758,1.100242142,0.674763296,-1.06524798,-0.66065034,0.708586804,0
-0.075824035,-0.799438417,-0.941471706,-0.687442272,-1.936945762,2.009308694,-0.546210579,-1.987212548,0.586681455,1.441078973,-1.270870821,0
0.235838173,0.167874075,-0.305054054,-1.313615373,0.70971345,0.031575429,0.759108023,0.421163521,0.079015538,0.568584938,0.638021546,1
-0.378806653,-0.131296608,1.318285261,0.865081837,0.099885453,0.291874395,-1.258768748,-0.793664566,0.067705338,-0.77030409,0.202793741,0
-0.183153448,-1.509159897,-0.188975672,-0.035392892,-0.556731969,-2.09786264,-1.772102918,1.099870533,0.061604239,-0.870214033,0.15261611,1
1.740815044,0.92001475,-0.268617929,-0.848846951,-0.713484568,-0.132853031,0.561551086,0.787214842,1.967808214,-1.075449882,4.064676866,0
-0.724551146,-0.714303082,-0.116391696,-0.571804618,0.163765662,0.179943712,-1.722999884,0.411534229,-0.806360613,0.024343476,1.071551812,1
-1.079076632,-1.345000055,-1.541982011,0.023798518,-0.337546095,-0.888033854,-0.07665587,0.297215593,-1.162869059,-1.867724524,1.289540331,1
-1.043646118,1.817541708,0.374872223,0.988660301,1.304539737,0.595483951,-0.475990348,-0.680288696,-1.934498969,2.015849275,3.794794118,1
-2.080244504,0.372079251,-0.563607036,-0.403325564,0.43739424,-0.65500785,0.421799283,-0.046458344,-0.011107593,1.138293867,-3.303593888,0
0.450767305,0.380678369,0.390721705,-1.510245557,0.323422924,-1.133859764,-0.245974033,0.675784245,1.105869263,0.05386675,2.694874723,0
1.217036258,1.304540041,2.003986889,0.005530341,-0.549280726,0.557932044,0.038160751,0.182354999,-0.70610954,-0.675691846,3.093420446,0
-0.020265502,1.760939561,0.734122701,2.159606695,-0.046503447,1.299349812,-2.100437774,-0.412863687,-0.268097709,0.598089855,1.728485063,0
0.907273895,-1.311968255,-1.905312741,-0.892957966,0.283530019,0.342757676,0.709036213,-0.720799499,0.710190826,0.236199355,0.989490725,0
0.398379247,-2.224639325,0.893377502,-0.0789708,-1.046075675,2.37487332,1.035305487,-2.172475844,0.173915206,-0.723102204,-0.87268304,1
0.137109347,-0.683387576,-0.294029553,0.825881598,0.103920746,0.644005307,-0.17607656,-0.132900535,0.153827365,0.565900598,1.642651177,1
-0.795668966,-0.181136478,2.316817329,-0.002865642,-0.553893236,1.428434286,2.474476085,1.055123271,1.435190784,-0.288110449,-0.853855785,0
0.380572252,-1.00958986,-0.858002382,0.847248938,-0.542854529,1.801884527,0.38742037,0.035292061,-0.418212371,-0.620368948,-0.840218082,0
-1.231233692,-0.997387489,-0.053125812,-0.015509176,-0.620562449,0.609806214,0.422371337,-0.620331544,1.536112625,0.484660505,-0.681963984,0
-1.764312506,-1.258959139,1.679789015,1.251780997,0.478651249,1.160228184,0.089599916,0.394507364,-0.029985222,-2.474740075,-0.728674823,1
-0.390534978,0.522986825,1.286139078,0.051638853,-0.062202098,0.301727586,-0.699068591,-0.256405411,0.131567638,0.462621782,-0.90781534,0
-1.150740304,-0.971557942,0.904218789,-2.2444299,-1.897975932,-1.35160013,0.953772422,-1.761139935,2.149985199,-0.042655646,-1.472475536,0
-1.603428854,-0.014218578,-0.026929997,-1.29572586,0.550102338,-2.057081149,-0.258836922,0.518251948,0.999427682,0.74265413,0.488075025,1
0.939161184,-1.324172705,-0.724171117,0.160620373,-0.746425532,2.41444861,0.054828937,0.049464702,1.067870085,-0.423138754,-0.332371889,1
0.951231901,1.135530337,1.194469043,1.013655932,1.633912353,-1.178109967,-0.619994009,-0.232697232,2.477517023,0.919115292,0.441509031,1
0.416053418,0.26228155,0.088136882,1.854837213,0.839631618,0.177824775,0.333993613,0.558488179,0.156135528,1.022190424,1.84850667,1
0.577043295,1.296497532,1.104293376,-0.883998992,-0.930673644,-1.35025148,-2.129111033,1.781639061,0.066146212,-1.22213322,-0.086859957,1
-0.559607483,0.563443948,1.815445895,-1.292939884,1.793361151,-1.62224292,0.572391437,-1.171883391,1.076867729,0.146483448,3.223625504,1
0.291850973,-0.952050468,-0.299238211,0.581106369,-0.01770466,-0.18162545,-0.43408875,-0.255778761,0.04146996,-0.713906201,-1.530914246,0
0.715681145,0.15717034,0.48342495,0.402518491,0.774387963,-0.200501212,-0.695963591,-0.209809356,2.227191642,1.572111609,1.287308028,0
-1.033764718,1.096283952,1.442937042,1.104123925,-0.180842802,-1.047770726,0.751888036,1.143939807,-0.191216922,1.001880407,2.464273605,1
0.904395247,0.547167145,-0.911553282,0.895457598,0.488441965,-0.276209889,-1.110132132,-0.973063564,-0.447038826,0.273194955,-0.456995652,1
-1.007463352,0.103658023,-0.623946704,1.989296772,1.222290172,-0.70770877,0.923691642,1.133138725,1.972553118,-0.990416241,-2.294342416,0
1.104788141,0.123877286,-0.771480283,0.697113905,0.638461501,-0.739600157,-0.523413344,0.039417965,0.80645656,-1.405204636,1.0795323,0
0.061334857,-1.022373388,0.163388656,1.168387542,-0.173206512,-1.857881086,-2.994344612,0.214986661,0.95269231,-0.294638254,-1.629636988,1
-0.091779566,0.519311947,0.368281501,-0.77395592,1.251246443,-0.996156405,1.343992864,-1.657066037,1.878873874,-0.251826252,0.147723767,0
-0.000785285,-1.473524523,-0.476238792,-0.92251334,1.812564912,0.309494355,1.1424534,-1.466592382,-0.22351074,0.271453398,-0.410835968,1
-0.478371409,-1.203864577,-0.107584753,0.093831722,0.0451953,0.724033898,2.400963733,1.276257918,-0.154902258,-0.414885957,-0.80627811,1
0.504166953,0.50339829,-0.242320322,-0.773548041,-0.703280286,1.843951077,0.202025597,-0.504373935,1.674776961,-0.800034738,2.397651674,1
0.232069757,-0.721077384,0.190100548,-1.21134782,0.634046443,0.50078683,-2.019927197,1.254072475,0.493197642,-1.233913739,-1.750616451,0
0.676798149,-0.1374698,1.567885498,-1.79223853,0.65623139,-0.197760511,-0.583908118,-0.962929807,0.232955299,-1.459641975,-1.467571043,1
1.144490143,0.671015153,-1.685319048,-0.765423446,0.701253711,-1.347658527,-0.418687354,-0.09727922,-0.519521285,0.679555259,2.494289921,0
-2.163965823,-0.55680366,0.352737383,-1.636648171,0.231857015,-0.00385867,-0.564274893,-0.24795499,-0.299470239,1.50262521,-1.8576592,0
-1.590296737,0.240777486,-0.561165314,-0.960243677,-0.379967949,-0.454240009,-1.074122872,0.336462966,-0.430061739,0.802866733,3.807972837,1
-1.237558688,-0.217261129,1.085340979,0.517888417,-0.053834616,-0.614595535,-0.152980809,-1.137226095,2.210015269,0.048098154,1.817324905,1
1.277339811,0.45580878,-0.647469392,0.882625403,1.833381876,1.823509365,-0.114284631,-0.494392889,-0.514260546,1.0032836,2.228852378,0
0.440136679,1.351683291,0.389994276,0.736379119,-1.993887749,0.537179697,-0.085840412,-1.621594031,1.01721673,0.109987671,2.389846071,0
0.847480577,-0.17081202,-1.493969183,-0.94965778,0.016336148,0.651020212,-1.558416173,0.242499607,-1.232399032,-1.282484086,1.339280876,0
-0.225286951,-0.357406753,0.42710191,-0.082518779,-0.716234846,0.971314646,-1.055538482,-0.716653032,0.689726316,-0.767484653,-1.169269391,0
-0.520509708,1.664719733,0.688522165,-1.325398297,0.476802134,0.889585588,-1.448751239,0.404697912,1.146989642,-0.710663561,2.91886365,1
1.282672871,1.818710531,1.030041769,0.163493859,-0.330879149,0.454503004,1.569759088,1.124212894,-0.073620663,0.270237753,1.546714105,1
0.094065318,0.162772619,-2.432936866,-1.010273537,0.65915466,-0.565739882,-0.723071871,-1.477259413,0.82547093,-0.469240406,-0.286602289,1
0.259934303,-0.533755743,-0.022121633,0.945078443,-0.430244728,0.489543964,-0.551276362,-0.218880591,-0.264941934,-0.607636112,0.955245513,1
1.367209362,-1.397542099,-1.315460897,-0.332439625,0.414502247,1.898521418,-0.849716219,-0.446192206,0.460116232,0.028111329,-1.025879728,1
-0.570495222,0.064124708,-0.25838405,1.945160215,-0.77483286,0.824794716,0.262475548,0.797264339,0.63563524,0.335824405,2.73922589,1
0.448762435,-1.325207767,-0.048763802,0.156219393,-1.030001085,-0.401721184,-0.95877654,0.793600302,1.431778556,-1.820741914,-0.989824548,0
0.501222059,-0.270473455,0.523025769,0.124429157,2.401016314,-0.404763715,1.312981655,-1.73642491,-1.211405606,-0.245694665,-0.026767373,0
-1.918619063,0.051098691,1.554279016,1.47118171,-1.015586102,-1.997436262,-0.606756943,-0.167717115,-0.047916411,0.299463368,-1.425342247,0
-0.634938296,1.652466259,1.889133087,0.378472669,0.099666615,0.751926138,1.099638443,0.70570509,-0.972273938,0.654366609,4.731505368,1
0.739173953,1.194923409,-0.532211683,0.62546407,-1.237939971,-0.031871531,1.123691911,-0.623027298,0.310663116,0.611177691,1.990185262,1
0.107263839,-1.133173104,-0.99072425,-0.150960524,0.29490398,-0.172139705,0.994461668,-0.678085448,-1.835454385,0.196320811,-2.713950539,0
1.121577607,-0.94908683,0.177712151,-0.095300911,-1.007810947,0.566360509,1.373605597,1.10723796,0.13412612,0.600310241,-1.113928853,1
2.00000908,-1.039091088,-0.973199266,0.072454594,0.495935844,-1.455998108,1.032975331,-0.373518482,1.340733619,1.854508729,-3.63499619,1
-0.047820299,0.817108047,-0.516889858,0.360384707,-0.569448716,0.898992974,-0.869415078,-1.055297745,-0.455837125,-1.493731907,-0.598035863,0
0.12431396,0.283493935,-0.984925195,1.280323064,0.61034456,-0.900746185,-1.039433243,-0.657531049,-0.4528583,-0.131200652,2.565875125,0
0.551161617,-2.107337751,0.510218433,-0.834563836,1.19727667,2.006664589,0.646331324,-0.681046249,-0.420259423,-0.764381761,-0.632446136,1
-0.539544446,0.854972022,0.08482383,-0.466769249,-1.025535631,-1.009494564,2.012426359,-0.566708805,0.779748271,-0.481695739,1.693077548,1
0.421017022,2.665140819,0.745561714,-0.576118078,-0.848983612,-0.409380265,-1.021970146,0.126649683,0.376042553,-0.151778916,3.615324248,0
0.87189402,-0.444467424,-0.577681359,-0.240422572,1.393850278,0.907464505,1.240947042,-0.345539499,-1.250499821,-0.546678642,-1.87040717,1
-0.999998715,0.341447811,1.056451334,0.324286075,0.45788819,-0.436391947,-0.519030225,0.692961479,-0.437389954,-1.024264048,3.279813024,1
1.419317857,0.14913054,-0.875804369,-0.611470781,-0.330923799,1.630622796,0.44770926,2.330493072,-0.430779789,0.161742749,0.994588463,0
-1.363070409,0.421118278,1.06683763,-0.349028539,1.214125655,0.697937867,-1.274950213,-1.797796966,0.550427714,0.338782627,-1.51023733,0
0.427357314,0.962219337,-0.091271167,-0.416253283,-0.038673066,2.498681197,-0.475182187,2.289131719,-0.161837492,0.862132834,1.017605597,0
-0.350651117,-0.558324379,1.412159623,-0.355547056,0.217144717,0.186150265,-0.960294771,0.830993369,-0.672965737,0.910873131,0.699764859,0
-0.233592621,-1.31554018,-0.049285506,-1.220656775,0.875641841,-1.30380182,0.838403321,1.96379218,-1.291954418,1.024649872,1.099491133,0
-0.134562418,-1.410372179,-0.506058962,-1.316883289,1.499993788,0.665131365,-0.439203253,-0.669105091,-1.924734324,0.990036507,-0.068386174,1
1.164862494,-0.300755855,-0.192436955,-0.745786352,1.288412881,-1.719857508,0.474332603,-2.182608882,1.236495638,-0.325000493,-0.594339981,1
0.20470314,1.389683852,1.249966939,1.141883518,-1.375806093,0.114530163,1.121651421,-0.097509542,-0.559301917,-1.920559368,2.746759471,1
1.078545299,0.896077081,1.348206206,-0.246041019,1.176847147,1.20560057,0.743795024,-0.608402673,1.167669156,0.871726181,0.86962118,0
-0.739100678,1.409048714,0.474497849,0.974655761,2.651553695,0.235209225,0.45583675,0.488103422,-0.825570293,-0.004258641,1.202184652,1
0.297521229,-1.604543672,-1.360655671,0.334524895,-0.01516946,-0.11003927,2.042542567,-0.08110346,0.010176272,-0.259571965,-1.362926205,0
-0.377392068,-1.266617334,0.19991583,0.507980082,-2.495269692,0.019503324,-0.04199247,0.3177011,0.345198712,0.58914591,-1.249527823,1
2.189003724,-0.838964027,-0.325373193,-0.246272433,-0.539818607,0.283907171,-0.841611373,1.860619919,0.95273428,-0.280932079,-0.692299819,1
0.15438865,0.573608247,-0.932355055,-1.113682251,0.849169817,-1.050872405,-0.319360724,1.193824787,-0.176675428,-0.552808575,1.617933417,1
0.268802873,-0.591662111,0.102789838,-2.663178043,1.519000427,-2.009542669,0.19266746,-1.084502214,1.483000347,1.082282321,-0.508666563,0
2.532900085,-1.102977973,-0.077512737,1.269295669,-1.155999899,1.056061826,0.964028592,-1.012914369,-0.853540035,0.052097312,-3.235749074,1
-1.515427092,1.238912224,0.470643126,0.015251413,0.455579587,-1.307408432,-0.305894636,0.735286883,-1.049015706,-0.421280194,-1.023830142,0
2.220342287,0.645245916,1.050349383,2.288301271,-1.343883774,0.910019292,-1.174775707,-0.271441537,-0.761486565,0.835647887,-0.483609999,1
0.298013495,0.300082545,2.108707388,1.367845575,0.839427787,-0.827678974,1.660039266,-0.729761928,0.274114339,0.079968941,1.418944816,0
-1.351482474,1.8401898,-1.455346284,0.953160539,1.003003068,0.344997314,3.507985901,-0.201243032,0.999559479,-0.732705234,-0.579772962,0
-1.8682682,0.738933561,1.543406296,-1.265017353,-1.547466442,-1.116327099,-0.777019992,-0.61955611,-0.892659293,0.390908554,2.470148021,1
-1.863517897,-0.239055261,1.92010299,1.538464145,-0.274072135,-0.500221389,1.063570664,-0.497148565,-0.47468847,-1.612795943,-3.341842248,0
-0.943537469,0.236602454,-0.481506447,0.626353555,1.075005885,-0.945827649,2.007314736,-0.508888073,0.343838436,-1.397567851,0.03495057,0
-0.596974932,0.667808516,-0.825872279,0.937501803,0.540229342,-0.013836982,0.25488238,1.875582898,0.029422856,-0.166013822,0.122225761,0
-1.84108069,0.135497703,-0.181491315,0.87990675,-0.402843099,-1.052931648,1.373939937,0.285055852,2.227583318,-0.719090582,-0.667933438,0
-1.123202771,-0.127994174,0.460871096,-0.836986139,-0.64634377,0.147700336,0.74956025,1.097379111,0.389239239,1.557298661,2.081504915,1
0.798165334,0.49837371,0.397811166,-1.666205091,0.65793605,2.075827529,-1.316046573,0.61759607,-0.121339041,-0.886637195,-1.922169536,0
-1.6246664,0.160364095,-1.808269296,-0.515276683,-1.289110924,1.151779395,-0.945568711,0.622714267,-1.96442965,0.128810477,2.550170247,1
0.619366674,-0.860916496,1.368091637,-0.330524871,-0.22367164,-1.728995934,-0.667321373,0.373128735,1.183075544,1.270435993,0.010893938,1
-0.376908065,0.082552603,1.055231595,-1.35857198,-1.260301547,-0.287169188,2.005214661,1.339162117,0.072361957,-0.0377481,0.738136522,0
2.048828123,1.07844274,0.28754484,-0.900977726,2.385138926,-0.576295451,1.223538125,-0.778465615,-1.190085949,-1.155855777,0.547115014,1
-0.707787673,-0.034580818,-0.358958023,-1.023074426,-0.959135763,-1.02881141,0.968734557,1.992031451,-0.263660998,-0.646695237,-1.557646004,0
0.136856168,-0.240923885,-2.205530084,0.336955279,0.827695906,0.517039063,-1.566134765,0.988532764,0.796818726,0.450428884,0.71048146,0
3.778120634,-0.775349966,-0.273477212,0.056781936,-1.328490471,-0.456509848,-0.277273998,1.541134448,0.559059816,0.799730272,-4.346470693,1
-0.320103264,0.55612404,-0.329081341,-2.670494654,0.866831032,-1.395681653,1.325741841,-1.441406675,-0.41596424,1.232577088,3.261494117,1
-1.119570197,0.076422205,1.014391806,0.254427591,0.568709549,0.626879012,0.061316619,0.013393466,0.680843944,0.088826971,1.492963871,1
1.458970497,-1.082156789,0.23443504,0.478139831,-0.474952171,-0.44282854,0.391261287,-2.028274158,0.471345672,-1.302859695,-2.577738807,1
0.122599898,-0.189020656,1.14889983,-0.924592519,-0.554709363,-1.03568969,-3.402342505,0.63756563,-0.96098595,-1.123146874,2.095947107,1
-0.646774286,-0.736292545,0.998162017,0.197876887,-0.497792289,-0.708588441,0.230302127,1.497182105,-1.27635938,0.105146375,-1.878389522,0
-0.792471213,-0.80832912,0.153569017,-0.851769581,-0.178627906,0.684984812,0.361203147,-1.497119123,-1.357963576,0.372978772,0.401552122,1
-0.313443258,-1.172877091,-1.471770462,0.228422233,-0.967457081,-0.376856497,1.028111957,0.046224222,0.400869998,0.755719842,-0.408746819,1
2.104339907,-0.404046959,1.554917308,-0.728524882,1.590870255,1.286325693,0.499447742,-1.199586458,-0.572648874,-0.246806015,-2.232674445,1
0.043902848,-0.258051048,-1.224402113,-0.494377785,-0.330210096,0.572080254,1.703424053,-0.399319716,0.347810607,0.17855264,2.231477421,1
-0.069390024,-0.562137789,-1.895050691,0.313427128,0.935232822,-0.515376024,0.791255994,1.284292742,1.358909304,1.108267707,-2.063638919,0
-0.052498721,-0.419272084,-1.065977415,0.761761163,-0.456390182,-0.073723968,1.311373322,0.834631485,0.3268215,1.680556727,0.910145277,0
0.911061885,0.827997655,0.391264804,0.325269425,-2.50983044,0.150318837,0.582351242,1.122448489,0.00826925,-0.350111977,0.820192184,1
1.213341032,-1.165601589,0.124971457,0.04451137,-0.122911455,1.342860471,-0.265154003,-0.197760306,1.42535941,0.351750791,-0.355954779,0
-0.964087728,-0.906883524,-0.809516701,-0.188227978,1.456041121,-0.976194266,1.198198718,1.184294781,-1.319230557,0.666257887,-2.888833261,0
0.234034941,-1.286869261,-0.230006589,1.270335984,-0.146539616,-2.468345908,-0.778588747,0.832653397,-0.901922211,0.77756568,0.220998871,1
0.81999743,-0.482540528,-0.360541368,0.501602859,-1.152381353,-0.281616736,0.439815099,0.63390027,1.24002369,1.624181431,0.542043963,1
0.458504017,-0.36846425,2.149417399,-0.37139179,-0.924543381,-1.282302294,1.157002847,0.25739378,-1.097848992,1.570063535,3.000036773,0
-0.360707989,1.800093095,0.984486269,0.878735554,1.15480348,-1.687617664,0.854938006,1.478537001,0.334656573,0.972503686,1.670933463,0
0.15452221,1.757783512,1.269635992,0.156290516,0.112156463,0.057269108,0.168209428,-0.995541615,-0.967722767,-0.43603642,2.738356285,0
-1.429402535,-1.01049724,0.148565069,1.456015992,0.923689071,2.274915388,-0.544677453,0.889683083,0.313795197,-0.522237625,-2.753319312,0
-1.691469303,1.738048085,0.596758334,-1.843117751,1.351724476,0.681800883,-1.455039944,0.344223706,1.210034969,0.391103915,-0.272523503,0
0.849226956,1.91106496,1.047541172,1.21436302,-0.97204139,-0.541529663,-0.24400328,-2.01558771,0.322355642,0.05439058,2.151133581,0
0.277561167,-0.89459101,0.044488632,1.067306031,0.013388914,-0.083523486,-1.069502416,-0.423044828,-0.613927367,1.307057378,-0.397601828,1
0.773109669,-0.211428151,1.111317569,-1.514232737,-1.071309347,-0.524124283,1.888555953,-0.385744398,-0.786097174,0.486207067,1.813789689,1
3.040012888,-0.157341376,-1.372545955,-0.919705883,0.459885802,0.830064743,-1.716517622,-1.342007292,-0.865145345,0.122499601,3.751275186,0
0.464580979,0.700006523,-1.091194728,0.304798044,-0.374282139,-1.410057892,-0.254540837,1.259354968,-0.638941962,-0.063540804,0.297047749,1
-0.172851107,-0.625945157,-0.605859567,0.701907709,-0.134116958,-0.854982227,0.313975805,-0.89485951,-0.277521316,0.861369413,0.77063293,1
-0.601005027,-1.347700097,-1.251277634,1.398744921,1.084928274,-0.562418602,-0.247039991,-1.025302816,-0.210045839,-0.302770051,-2.317323552,0
0.643474235,-0.01965042,3.497708315,-0.4069587,-0.34889374,1.485312991,-0.752481187,-0.126801436,-0.376829085,0.497751853,0.427072452,0
-0.268943693,0.757411867,0.786087515,-2.30388956,-0.500054752,-1.397614304,0.384104518,0.288346664,0.939112079,-0.930837504,0.791233497,0
-0.917235815,0.576117565,-1.755324436,1.429853491,-0.699690662,2.223207214,-0.50807144,0.248817942,-1.268854778,-0.662371825,0.476259493,0
1.063216559,-0.510653685,-0.028169444,-0.641207481,0.878876378,-0.694208852,0.468073532,-0.54179806,-2.410346359,1.251492367,-0.799764791,1
0.594079907,1.105510664,-0.350286705,0.198205516,-2.072132898,-0.525901202,-0.938406669,-0.836415984,0.111150445,-0.96689495,1.674639525,1
2.120456483,1.407754323,0.845054126,0.593616161,1.2462363,0.790289993,-0.565162438,-0.483188747,0.6735917,-0.079209316,0.615530221,1
-0.835865534,1.397295517,0.223983431,-1.526616384,-0.439169399,-1.01863586,0.355123673,0.414151061,-1.000308658,-0.507528821,2.965979014,1
-1.020097894,0.362880185,0.037550693,0.935519384,-0.1119801,1.475829952,2.849438084,-0.326921074,-0.880655936,0.724676364,-0.606793352,0
2.287542001,-1.446884014,1.501009188,0.05283716,0.160366928,-0.907976141,-0.286464119,0.919081703,-0.351825392,0.131168436,-0.027619245,0
-1.124134453,0.739776531,0.754222413,-0.185724425,0.012868787,-0.186234159,-1.070358351,0.726149296,0.901325083,-1.419181655,4.031325891,1
0.510028318,0.01458571,0.348286509,-0.738924171,-0.418804585,0.619787124,2.098388748,-0.997737337,0.749506691,1.313961688,1.899194688,1
-0.723524763,1.828407947,-1.603412663,-0.391361332,1.459088305,0.293146464,-0.72064997,0.414230242,0.527837521,1.534911835,3.398376968,1
-2.903489494,-1.922192202,-0.705433603,0.804932008,0.602061911,-1.048549208,-0.782567092,0.102843992,-0.681415272,-0.950110227,1.027186387,1
-0.890375835,-1.83064641,-1.015002894,-1.091515503,-0.586947174,-1.709733528,1.062479154,0.905189765,-0.325195884,1.439049737,-2.610303732,0
0.922204066,-1.644087672,-0.664304862,0.982462211,-2.227754172,-0.841117353,-0.342890371,0.215054665,0.757434082,0.546260995,-1.746122028,1
-0.262198188,0.044460046,2.965342276,0.747596544,0.437598254,-0.023324497,1.381580498,1.344308604,-0.247723858,0.86485455,0.40940162,0
0.327041249,1.216584203,-0.031847997,-0.40572918,0.453352933,1.278547853,-0.348910544,-0.520479444,0.732133636,-0.440564743,1.883056374,1
-0.521359539,-0.810905804,0.065902413,-0.650595921,-0.792540144,-0.835640788,-0.702579088,-0.432403318,0.77364755,-0.921340077,-0.596860356,1
-0.65026466,-1.412597252,1.206662992,-1.535247425,-0.379016098,1.640447695,-1.764541015,1.515958192,-1.392825527,0.314453966,-2.69868439,0
0.611487818,1.806141069,1.428319041,-0.34038297,-0.894484367,0.140654673,-0.46131781,-0.494337546,-0.207621524,0.315503927,1.773728782,0
-0.547284376,-0.938516789,0.020622251,-0.718492387,0.79427156,-1.101383269,-0.292281701,-0.625216908,-1.85420597,1.410081443,0.311551355,1
0.518673165,0.906581596,-0.41505692,1.085136691,-0.5831056,-0.710318566,-0.022865158,-1.125655959,-0.001765348,0.326798487,1.522915085,1
0.928578308,-0.145863976,0.124431175,0.793145924,1.103673086,0.583406223,-0.108810406,-0.813012271,-0.001003763,-1.090319941,0.920201697,1
-0.738344631,-1.426224229,-0.339079505,1.845562941,-0.030234404,0.477852551,0.480375506,-0.900850784,0.542618435,-1.313361581,0.383610946,1
1.732502747,0.166885828,1.275758113,1.143942269,-1.013485476,1.161491632,0.844210894,0.781695445,-1.184976218,0.376424711,0.488937865,1
0.731564206,-1.251306024,0.309441812,1.138226734,1.571260594,0.123580608,-0.546971492,-2.036494193,0.955733827,0.518622257,-0.777325856,1
-0.057187535,-0.472675247,1.052636364,0.994755877,0.447025254,-0.468272678,-2.02725129,-0.811861385,0.793052267,1.554528966,1.116887229,1
-0.910911081,1.678205538,-0.880706718,-1.333382856,-0.724319218,-0.122264546,-0.297721086,2.1962189,0.823262036,-0.268945523,3.525315669,1
-0.831311457,0.072806571,0.310108478,-0.111362195,-1.907934828,-1.61863302,-1.163284258,0.850793629,1.048819997,-0.010831709,0.973607218,0
0.284485654,0.237819887,-0.311188443,-0.355490228,0.416522195,-0.506634792,2.213468,0.146023677,-1.853859858,-1.481748375,1.300658714,0
-1.621045332,-0.237330887,0.330470972,0.115659321,2.110971969,-0.079111541,-1.137285992,-0.885224462,-0.149426683,-1.030526647,-1.091281854,0
1.104598617,-0.825874391,2.106480439,1.042932307,-2.498643457,-0.484902599,1.327322206,0.488034457,0.364438611,-0.023936318,-0.388877608,1
1.06738146,0.266030372,0.744626584,1.627189883,-1.061664644,0.253017194,0.170297819,1.196661267,1.959050479,1.574846919,1.688500384,0
0.632143397,-1.54404569,0.925869622,-0.788449091,-0.271803354,0.545331734,0.283633043,0.627418032,-0.137809656,-0.175523205,-0.818560205,0
0.816665094,-0.393203916,-0.738672876,0.193814868,1.015782499,1.095904584,-1.200771559,0.36498574,1.3911513,1.191116374,0.082075662,1
0.496831912,0.930510833,-0.841108021,0.176079018,-1.168214682,2.277493676,-1.483413872,-0.004419423,0.378055489,0.524524036,0.542345669,1
-1.076727264,0.353137185,0.08726391,-1.216177442,-0.53875959,-0.477288623,-1.596791292,-1.075564893,1.082585052,-0.941598723,2.115917577,1
-1.443182186,0.312482869,0.462664586,-0.273188519,-0.349023175,0.168061893,-0.145342203,0.934154637,-0.931749101,1.049948308,2.21604912,1
-1.995217804,-1.750597904,0.369477818,0.97167909,1.813528334,-0.201269813,-1.607053691,-0.471456247,0.560695801,-1.141608397,0.681217334,1
-0.11449938,0.162521312,-0.099553591,-1.284086701,-0.149907914,0.704295184,-1.080506376,-1.08124314,-3.163877117,0.159152488,0.387484688,0
1.772531632,0.105057171,1.61422597,-1.447660811,1.204317641,-1.427613878,-0.163536488,0.054166584,0.806511738,1.680306796,1.939992123,0
-0.664306789,-0.671532921,-0.896283264,0.50448263,0.21741553,0.143350226,0.469667849,-0.224895434,1.078237523,1.693720237,0.409053681,1
0.998687507,-2.054813194,0.294350795,1.485294371,0.555677391,-0.340545452,-0.68377472,-1.096781691,0.071929773,-0.25369363,-1.657195838,1
1.505625766,1.912355974,0.413136689,0.51742468,0.892937068,0.575181231,-1.166617061,-2.106818153,-0.356155491,0.440069719,2.200020273,0
-0.32485703,-0.312408911,-0.441879333,0.31695051,-0.009902938,0.461251491,-0.766213236,-0.499130999,1.247957424,1.54463581,1.443465957,1
-2.334128911,-0.58890987,1.627388545,-0.738206462,-0.345071675,1.640436865,0.279077828,-0.009337427,1.381350861,0.578235309,2.887711489,1
0.189786856,0.724163284,0.538154295,0.772668671,-0.803667482,1.840762609,-0.101663403,-0.672063601,-0.241000669,0.215901953,-0.997531946,0
-0.171280784,0.819845846,-0.1554166,1.701963515,-1.80324176,-0.192884233,1.086745195,-0.336137248,-2.667309269,0.425195476,-0.475349591,0
0.344204382,-0.015056473,1.022653723,1.090938526,-0.058133578,-0.7061345,-1.370469914,0.210005327,-0.011736711,-0.777500318,0.181075597,1
0.234619287,-1.058255815,0.102522793,1.075505303,-0.509757485,0.565700867,-2.543922073,-0.981886476,-1.193280831,-1.001589445,-1.574341126,0
-0.354765727,0.5793669,-0.202607288,1.050559946,-0.362031273,-0.11068334,1.145979764,-0.635017096,0.513252403,-0.418909149,2.357195443,1
1.186033399,-0.970585661,-0.238510535,0.003458414,2.162516907,1.603421055,-0.443706693,1.041675656,1.545974434,-0.904169128,0.293332937,1
0.068642546,0.582313456,0.236042381,1.748657293,0.704604942,2.050203117,0.803517904,0.83312529,0.36489197,1.441974261,2.038531898,0
1.257243844,0.640420233,-0.316446363,-1.646038115,-0.243449079,0.631500364,-0.228455388,-1.210542579,1.110155488,0.486201588,2.027195871,0
0.893739026,0.683747803,1.187356729,0.887150736,-0.815777028,1.692268233,-1.229012843,-0.171407147,0.123413142,-1.179560924,1.325726992,0
-1.580680678,1.979441194,1.012645409,2.005810351,-1.283842461,-0.709771275,1.25538773,-0.64741341,0.679771119,0.403226898,1.830280452,0
-1.590386037,-0.056020184,0.06901454,-1.701435254,-1.42553452,-0.383433127,-2.273087153,1.211243645,0.443701437,0.128227525,-1.228317249,0
-0.944609807,1.857072903,1.958752603,0.428591033,-1.651667617,0.653967793,-0.140432961,1.535465967,-1.700177609,0.245503188,1.381147637,0
-2.331865811,-0.725410177,-1.967665477,0.686254748,2.018850976,0.950045092,0.409012304,-0.528470328,1.470245075,2.006373693,2.734251984,1
-1.924875914,1.305052892,1.238750264,0.137088628,-1.038598061,-1.527354689,1.086379337,-0.307533447,-0.101501277,0.029589285,0.83844537,0
0.22208025,0.215358675,-0.804785613,0.657578741,-0.748107857,1.355781097,2.012166268,-0.781016182,-0.183292919,-1.798410832,0.476717935,1
-1.735496888,-0.589990473,-0.569742866,-1.363182691,-0.995644795,-0.004568739,1.291823826,1.014640411,-0.345394249,-0.075990223,-2.345865916,0
-0.896131206,-2.351700201,1.32926573,-1.031453012,0.148785338,-2.388106892,-0.644446457,-0.159396563,-1.709897345,2.469012672,-1.629459179,1
0.244791731,-0.58451774,0.193470748,1.426892586,-0.624473664,0.179135621,0.217057359,-0.010380975,0.21434654,-0.25666204,-0.559965432,1
-1.016108965,-0.029966598,0.662073292,-0.136796162,1.251411484,0.184662501,0.937867883,-1.317527898,-0.43780239,0.31638478,2.778460464,1
1.554325626,-0.717109409,0.993927536,-0.220845689,0.896705011,-2.617251461,-2.361409977,-0.031882584,1.779025321,0.862065759,0.994171524,0
-0.31596482,0.886399251,-0.663936955,1.151435941,-1.508765374,-0.923243032,-0.637107089,0.801647635,0.542943771,0.357306051,0.457408326,1
-0.817508555,0.628669049,-1.090484871,0.826657784,-1.622977608,-2.468183691,0.876641923,0.499013814,-0.691779396,0.020824395,4.115908121,1
-0.247797969,0.597462399,-1.25380671,0.326577706,0.156215271,-0.249835331,0.686449948,-0.610047996,1.039279126,-0.20915243,0.849747886,1
-1.793185051,-1.131652848,-0.972935608,1.800880424,0.738309628,1.782699067,-0.604187358,-0.747912463,-0.67659793,-2.408712228,-1.992533063,0
0.130851687,-0.000472752,1.769146167,1.528015442,3.039185498,0.369504082,0.424723228,0.893883371,-0.153697499,-1.594255642,-0.784260153,1
1.321932788,-1.196399931,-0.474985582,-0.117585578,1.639246532,0.162910562,0.066257651,0.871535566,0.524309202,0.883863865,-0.413822265,0
1.364459412,0.126419349,1.669160625,0.072803444,-0.792696379,1.609880309,0.837790429,0.116494158,1.129724566,-0.775551107,0.353301169,1
1.464320872,-0.543445031,-0.542784072,1.874328713,-0.011852601,-0.932992994,-1.81225241,0.347018488,0.030248899,-1.04620707,-2.361050863,1
0.206208902,-1.623679322,-0.707407762,0.773917528,-0.031962999,0.926411061,0.851126175,-0.254522953,0.119502785,0.589105378,-1.150863408,0
-0.981419885,0.611203701,0.908468294,0.73237149,-1.073078842,-0.911845149,-0.054434345,0.543534381,0.528322175,-0.763852067,-0.859932036,0
0.946716585,-0.420281064,-1.767619568,-0.740788991,-0.363519251,0.304046274,-2.200358649,-1.976501049,-1.351534833,1.617196001,-0.260803316,1
0.780089839,1.446959757,0.886963068,0.581600277,-0.407314963,0.286396802,0.458045276,-1.228502671,1.534359874,-0.988507422,1.592039734,1
1.318052552,-0.944377838,-0.261475372,-1.089713923,-0.664295715,-0.331225184,0.892476643,0.85744323,2.014671685,-0.168463461,0.60204155,0
-1.220320055,1.473262065,0.86344031,-0.697281978,-0.143549409,0.370425818,-0.69589364,-0.193350057,-1.506943848,-1.954108835,-0.561348591,0
0.948383003,0.185135177,-0.209592467,-0.205314518,-1.822321662,2.274247357,-1.644000398,-0.70872635,1.641229828,-1.546510674,-0.237721779,1
-2.873830081,-0.467281486,-1.65030649,-0.432326573,0.115698854,1.327628585,-0.188233042,-1.065807256,0.026210703,-2.345348945,6.002462631,1
-0.05377619,1.20317129,0.1312629,-1.532389161,0.998756958,-0.908659851,1.471634244,-0.103758078,0.617859348,0.424827561,1.151350177,0
0.966070795,-1.494641439,-0.039009282,0.024776355,1.43859535,0.308686082,0.043239526,0.014693293,-0.97270959,0.939875757,0.267272836,0
0.210321002,-2.500498399,-0.909684898,0.459213784,0.488434146,-1.138469803,0.938546262,-0.093729275,-1.019475884,0.602416114,-2.521361297,0
0.121585676,0.30754519,-0.845941912,1.233875431,2.035768751,0.306537724,-0.457450301,-0.445557954,-2.191489433,-0.343132747,2.822419288,1
-0.630568636,-2.155039568,-0.63818381,0.863013435,-0.648483709,0.08517968,-0.49172819,2.523606591,0.424543756,-0.295084773,-0.009193507,1
-0.470082766,-1.091465697,0.16340315,0.947283635,0.210097817,0.249819573,0.019926592,-0.04984683,-0.496129679,-0.747271973,-3.243627371,0
-0.22986877,0.924103508,-0.716418446,-0.367530745,-0.070585973,1.80648401,-1.189208162,-0.371662886,0.927626439,-0.982133758,0.156466604,0
-1.182057256,-2.513844755,0.243232152,-0.216403872,0.281974399,-0.152068663,-0.284779204,1.275868642,0.320882275,-0.46864752,-3.14999632,0
-0.974852546,0.751904681,-0.462842499,1.220840455,0.449223964,-0.70834222,1.382940905,0.948110162,0.433728636,-0.663765411,-0.569283442,0
0.059887384,1.538608479,-0.638255402,2.335611352,0.155342185,0.889386068,-0.358035339,0.449303403,-0.23266126,0.778314989,0.947929326,0
2.942099485,-2.258458746,-1.155039702,-0.538343165,-0.805990824,-0.231727338,0.325374707,1.226996886,0.834334836,-0.900056537,-0.2530942,0
0.017415996,-0.373242262,-1.532091672,0.209758719,0.40469447,2.013530245,-1.46939842,-0.913476949,1.540192889,0.048076551,0.270107176,0
-2.97776788,0.576636083,1.692269829,-1.472541129,0.351005067,0.136793447,0.635880074,0.00193557,-0.39546989,-0.303567047,-2.746302588,0
0.223223692,-0.600122834,-0.142004664,-0.961657733,0.143633701,1.008144836,1.14782296,0.389368936,1.650136614,0.337389244,-0.551310248,0
1.598231164,-0.208484972,-0.4508555,-0.613788484,1.174827633,-1.263166275,-0.704820874,-0.097709739,0.694196199,2.474178853,2.023001328,0
0.1230704,-2.939160915,0.207471386,-2.075602041,-0.053699583,-0.813448913,1.374789765,-0.644111126,1.131218359,0.910626736,-2.349874398,0
0.270362736,2.057159239,0.197767295,-0.014567343,0.808515422,-0.285973736,0.888919562,1.197807126,0.760398479,-1.381356831,2.514379069,1
1.391614451,0.388850505,-0.349594384,-0.51066402,0.182623603,-1.727223134,0.424005378,-0.630600765,1.237075761,-2.530361039,-1.272213527,1
-0.393647262,-1.513722127,-0.675289756,1.488370179,1.19561416,2.44250958,0.769332812,-0.112073713,1.443153238,-0.583763722,-0.435162713,1
-1.674199803,0.008853297,0.235625471,0.16036071,-0.945412612,0.479473826,0.290722007,-0.122072751,-2.238145659,1.033709124,3.729166935,1
-0.986307781,0.081985472,0.800560424,-0.13868048,0.259019896,0.686982227,-0.559373443,1.755423035,-0.260760579,0.503101346,-0.265635248,0
0.144857328,1.425120054,-0.479289538,-0.573860431,-1.144747188,-1.069730559,0.980872251,-3.191236787,-0.947600438,2.140781392,2.360570001,0
-1.554640395,-0.086814842,1.204570108,0.512871187,1.053374035,0.143592469,0.136576241,0.16106826,0.205211133,-1.116418166,3.386412046,1
0.867802095,-0.230542502,0.953549094,0.337027931,0.151634645,0.985563623,-0.257202697,1.686494074,-1.502851474,0.712512806,0.689806966,1
-0.919926681,-0.589139047,0.321102911,-0.323011379,-0.383665779,-0.050155733,-0.179311833,0.836825628,1.07386674,2.325269167,-2.316710163,0
-0.651828771,1.062800119,-0.897960408,-0.206618582,1.134680392,-0.814568079,-0.0209833,0.402450904,-0.926398411,1.020182241,3.017173602,1
-2.13787347,1.605721099,-0.124579347,0.856212931,-0.374876158,0.097468671,0.742079343,0.296118038,-0.417439502,0.705971438,3.888129154,1
-0.531998629,0.227578596,-0.060721725,-1.304082037,2.206273265,0.544350752,0.260498615,0.737450193,-0.940499462,-0.907908863,3.053977801,1
1.236512746,-1.569156703,0.195028295,-0.488077267,-1.348435211,0.228271587,0.184082107,-1.100530955,0.027834446,-0.341733333,-0.71001479,0
0.288424843,0.624762135,-0.149993912,-1.37004501,-0.763092611,-1.000226267,0.912210932,0.078287664,-1.798770193,0.417145457,1.078856612,0
-0.812087101,-0.900557886,-0.144353103,-1.233714995,-0.142783914,2.197360641,1.119030862,0.386341783,0.027530217,-0.120025456,-0.822316211,0
-0.40195472,-1.290590143,-1.427267008,0.091624116,1.596959328,-0.943973999,1.081511762,0.001866585,-0.578053687,0.860390088,-1.886012071,0
0.163975727,-1.365008101,-1.795945207,-1.61871971,1.080419149,0.460357223,2.475066689,1.04432409,1.003395763,-0.220408568,0.795686641,1
-0.804032334,1.433363484,1.37164616,1.803065499,-0.000849448,-0.221973585,-0.203519358,-0.243108802,0.166806456,-0.668921587,-1.010807226,0
2.23248159,-2.044996978,-0.000109021,-0.864607995,0.373263491,-0.916492751,-0.442869004,0.614431194,-0.90453122,-1.567517312,-0.591598388,0
-0.788144799,-0.588563598,0.522566533,1.581464115,-0.087560824,-0.717265866,-1.666437946,1.641531936,-0.876548418,-1.311909181,1.670028484,1
-0.452036915,1.122425567,-0.823919369,-0.96349094,-0.845643384,-0.662723973,0.83834998,2.235053472,-0.466710259,0.497575225,1.307255625,0
-0.307845674,-1.330761354,-0.079305765,-0.357168031,0.537098127,0.325537021,-0.588169609,-1.297257238,1.870713323,-0.88485011,1.969329878,1
0.99647468,0.148675449,0.590608576,-1.211335953,1.413740172,0.289125669,-0.380145277,1.253226229,-0.252496471,0.621046868,1.449040293,0
-0.927193671,2.820015055,0.622122795,0.533206172,-0.153353427,-0.108303848,-1.233657377,-0.870269296,-0.076490334,0.482370371,5.139529439,1
-2.469845986,0.017285622,-0.771795876,-1.071856248,-0.4373693,0.047543723,1.323255292,0.152069027,0.672728098,0.112562625,4.296218766,1
-0.545616012,1.341927194,-0.627652725,0.897909767,0.103246059,-1.726661016,0.592124085,0.023029008,0.43422704,-0.413351727,-0.037614165,0
1.149707827,-1.190789846,0.557602989,0.966431136,-0.185792905,-0.41749189,-1.05363235,0.07344293,-1.981036116,-2.412873533,0.721415714,0
-1.716080306,0.005115453,0.089155954,0.331776263,-0.869171736,0.417228821,1.150365916,0.775336504,0.46964815,0.129116798,2.800326748,1
-0.115033107,0.383935898,0.307297123,1.778907965,1.016635123,-0.063556498,1.02022046,1.748846398,-2.264508511,-0.384924822,0.761213012,0
-0.335382646,-1.221128001,0.626341391,1.009353496,0.056053796,-0.406144624,-1.474435539,0.134921044,-0.172746569,-0.71861221,-0.183582171,0
0.167855682,0.800099071,-0.009583733,0.542010033,-1.290767033,1.434250893,1.451060275,-0.591490698,-0.000620436,2.993898853,3.166078674,1
-0.531719398,-0.222601977,0.407657327,0.42966716,-0.5842881,-0.707956688,-2.292276327,-0.594015595,0.499813906,-0.570328432,2.611806937,1
0.219761061,-0.011776561,1.545771135,-2.398896247,1.773302719,0.14034065,-0.715605542,-0.48250007,-0.726800107,0.060965285,1.247186046,1
-0.209328231,-0.973467724,0.476819559,-1.093409322,-1.114476039,0.631158589,-0.470376795,-0.051187789,1.519744239,-2.358943283,-2.04867491,0
1.351486597,-0.166198265,1.768489828,-0.930927997,-0.545393582,0.550047706,0.478927327,0.372664186,-1.025534395,-1.993371204,-1.259038347,1
0.222039908,0.89310525,-0.565645403,0.965673928,0.118759992,-0.126379209,0.545124673,-0.788028688,-0.440921283,-0.450147951,0.703021008,1
0.053067005,-1.960328837,0.450970915,-0.809629424,0.572632812,0.782680355,0.708857438,-1.00573432,0.972346753,-0.571581241,0.325261231,1
1.030105068,-0.477488112,0.300113983,1.576580812,0.401577938,1.946640436,0.481994964,-0.820696333,-0.624903997,-0.569456332,1.299934307,0
1.898580426,-0.670564973,-0.302307998,0.187288704,0.428967974,0.047203918,1.808501075,-0.930937609,0.53816178,-1.199849879,-1.598287169,1
-0.755290772,-1.544033203,-1.090117381,-1.103412611,0.081212398,-1.505512805,1.278766868,1.568555896,-0.508241863,1.250712381,-0.70718635,0
-0.359524382,1.083405395,1.441345019,-0.606020844,-0.525692986,-0.111813257,0.051750919,-2.557321734,0.225732895,-0.274562816,3.591558047,1
-1.449475813,-1.343419496,-0.72707379,-0.911946324,-0.550244034,0.428934367,1.390745361,0.460093597,0.228580632,-1.061254151,-1.916892285,0
-0.678717308,0.795476425,0.098476518,-0.01864363,-0.816788847,-0.104354155,-0.542468708,-0.204403476,-0.000915515,-0.818543147,1.811351491,0
-1.965788589,0.440361952,-0.532456491,-0.493343223,-2.002120036,-0.284566044,0.691773368,-0.078681888,0.558048121,-0.05308987,3.375747649,1
-2.212021289,-2.376494211,-0.061142249,0.68054135,-0.092487994,-1.752087665,0.799675615,1.07846167,-0.175167162,-2.03595993,0.791747833,1
0.268096706,-0.130890782,-0.934642871,-1.551964923,-0.390996492,1.624152958,-0.103164227,-1.511058188,-0.988949552,0.76026481,1.323509379,1
0.688111508,1.490557175,-0.177223597,-0.124518639,-0.946257731,-0.392622703,2.149342035,-1.336381165,0.553936035,1.710133391,1.795171969,0
0.092028818,-0.138317807,0.299918191,0.817639796,-0.699565398,0.745279905,-2.029291421,0.492247609,0.468746031,-0.397281685,-0.146586356,0
-0.920041899,-0.867705502,0.673296604,0.010426653,1.707336645,1.426198543,-0.109084895,-1.854875438,0.071973366,0.470257152,0.008022642,1
-0.592252105,1.153327359,-0.339754496,0.528221206,0.994562499,0.099359686,0.535108677,-2.123038849,0.804591203,1.51266565,0.501471703,0
-1.649081123,-0.260147316,-0.70959316,-1.839265405,-0.011559254,0.429663116,0.712009622,-0.755975066,0.329582284,-0.727419072,2.174697787,1
0.365134701,0.786266294,0.692516949,0.461038995,0.008460954,-0.681428985,0.785273747,-0.58123568,0.871790982,0.494388949,0.604373781,0
1.445552745,-0.763789181,-0.909692688,1.199702903,-0.55194268,0.303284925,0.551565221,-0.711606345,0.431548534,0.986436,-1.279246257,1
-1.351238567,0.862172813,0.391576471,0.143189656,0.276739359,-0.654350558,1.019300121,0.564670303,0.381399138,0.495218338,0.252396686,0
-0.437973327,0.011210847,-2.708078709,-1.433619556,0.666506675,0.021136389,0.813099284,0.726069938,-0.283889167,0.031602186,1.688975222,1
1.160827908,-0.402981225,-0.058220574,-0.387491958,2.274798302,-0.722124377,-0.335248529,0.850251463,-0.341166375,2.072834612,-0.108729074,0
1.998058248,-0.366823529,0.366421079,-1.205745982,-0.934594558,0.282747814,-1.354589837,-0.854047691,0.506015202,0.898616189,1.516170291,0
-0.244330022,0.042121672,-0.969320302,0.575409136,-0.162308339,-1.245818842,-0.84011828,-1.166084599,2.046484433,0.533855514,0.050089277,0
0.6773807,-0.144347903,-0.084136779,-0.328444616,0.055885204,0.391422008,0.688758043,0.723026536,-0.694065676,-0.225650952,0.711514317,0
-1.067815543,-2.089722454,-0.868699131,-1.323093057,-2.846473613,1.268680789,-0.261206913,0.498885521,-0.396015929,-0.782108043,-2.358670094,0
0.294601462,0.495203413,-0.509770266,-0.058697197,-0.741677415,1.360596386,-1.163769114,0.900648883,0.157850784,-0.854188037,-0.144521938,0
-1.243452998,1.456860821,1.034755685,0.244392663,-1.460707152,0.968522159,-0.548074402,-0.828052423,-1.635722859,0.432626596,-0.62632047,0
-1.679146584,0.74749219,-1.121805775,-0.006448536,0.476283919,0.872172276,0.380779264,1.376434273,-1.010615194,-0.862777063,2.893415843,1
-0.908107243,0.880708811,-0.057509754,-0.734599559,-1.498420543,1.242765534,1.200324163,-1.129396158,-0.340025461,-3.71318036,1.503401029,1
-0.103696959,0.431268192,-2.208118113,-0.526217215,0.615361297,1.097383,1.667765146,-1.596752,1.152784758,1.570767714,-1.610014186,0
0.162839653,0.991432344,-1.622958806,-0.447832137,-1.052146101,0.026658937,0.569631172,-1.173397695,0.936688817,-0.087743513,-1.190740903,1
-1.027344723,-0.478094871,-0.17818053,-0.176503759,-1.780393435,1.264117811,1.805704668,-1.344858661,-0.004357801,-0.595666738,-3.159199874,0
1.569254202,0.999574963,-0.722020531,-0.876086793,-1.147319289,0.276892697,-0.748366702,2.125817638,-1.00635295,-0.444329002,1.240571093,1
1.057530777,0.574266299,1.20903449,2.342971303,1.084527391,-0.129642453,0.33758348,-0.748828593,-0.152515295,-0.893586673,1.321281871,1
-0.51009056,1.446445347,-0.544149675,-0.387685913,-0.5398353,2.002548273,1.438827593,-1.6019765,-0.781881009,-0.882275729,-0.588088517,0
-1.560072519,-0.089553221,-0.841734384,-2.264248833,0.919451188,-0.278232149,0.460632824,0.057881419,0.667816969,0.399535481,2.71770307,1
0.313751114,-1.290909854,0.38407245,1.708820062,-0.973093012,0.41471093,0.411935493,-1.265807512,0.33557682,-0.663687814,-0.530249502,0
0.316180365,-0.648535896,-0.469227213,-0.303510593,-0.359472745,1.432613122,0.33181446,0.408103011,-0.521290845,-1.546914752,-0.69828681,1
-1.19234776,-0.329041006,-1.106113167,0.243021633,1.299692711,-1.01847961,-2.206328988,0.009210132,-0.426881961,-1.298807826,-1.66750152,0
0.603887486,-0.983289432,0.561233905,-0.851909084,-1.380875073,0.490912759,-0.727166374,-0.344170412,-0.345700884,-0.138349614,-1.050219193,0
-0.140622236,-0.88214351,-1.206314186,0.43434711,-0.98907553,1.290195888,-0.912188032,0.456637262,0.072324151,0.641651447,0.662967575,1
0.219566213,-0.708565058,-0.23810381,0.316841804,0.26747467,0.671107553,2.268636501,-0.685767218,0.763121659,-1.082823288,-0.956422825,1
-0.742491948,-0.774832416,-0.626906825,0.439650766,1.642770515,0.116653638,0.451507349,0.021491512,0.128046281,0.08024369,0.647576886,0
-0.532702191,1.272726093,0.574173398,-0.294916722,-1.080609715,0.710086382,0.796361002,1.056754595,-0.356312923,-0.168987494,1.270611334,0
-0.41989906,0.767157678,1.856593425,0.088612253,-1.124153112,-1.024703296,0.882195884,-0.266796873,-0.958733275,0.765054181,1.139121233,1
-0.260612882,-1.046488194,-0.440011465,0.230863078,-2.19757754,0.711404938,0.078039737,0.914732651,1.259807827,1.015465378,-2.856998393,0
0.865421248,1.383910003,-0.040863758,-0.027231321,1.400596312,-1.693194793,0.28533229,-1.554647878,-1.185495818,0.938159094,0.819053986,1
0.165832248,-1.521122862,-1.970403336,1.247492831,0.420788602,1.426530055,-0.446846333,-1.599011199,-0.72444735,-1.498575264,-2.15117382,1
0.087162644,-1.525166765,-0.23839466,0.321105579,-1.344630469,0.526623656,-1.856683667,-0.747693566,0.299971917,1.20955242,-1.707367943,1
0.230158179,-0.873718804,0.991692614,0.829706715,1.431338627,0.416933763,-0.380611857,1.792872944,-0.791284825,-1.603569394,-1.222971767,0
0.608718117,-0.138091037,0.646535299,-0.046717376,-0.416975374,0.134897369,0.31527378,0.935922414,0.035245348,-0.535608973,-1.168490431,0
1.409479734,0.132818525,1.191640469,-0.699466875,1.239418893,-0.529197288,-0.775018191,0.356722927,0.064288693,-0.855617853,-0.352395204,1
0.482241772,-0.338349827,-1.873377181,-0.134333732,-2.527784445,-1.194226482,-0.688151323,2.173370719,0.194258402,1.611524523,0.663697667,1
-0.335219723,0.644128555,0.554490223,-0.059049025,0.450941587,1.325312027,0.989638045,0.22216391,0.939435607,-0.218013242,1.019614354,0
1.356608297,-0.243348773,-1.741668445,-0.745366231,-1.075884816,-1.443219186,-0.204413386,-0.779655662,0.12355457,0.011089781,0.312329382,0
-0.591133653,0.241808251,0.853281267,-1.401414643,0.179786713,0.496657827,-0.98462334,0.947330098,0.471875098,-0.251212768,-2.054626251,0
-0.200780558,-1.07941616,-0.230410839,0.165064669,-0.887109087,0.165444739,0.212680407,-0.17096846,0.827022356,0.415560324,1.383313326,1
1.222422734,0.945524368,-0.206672324,-1.334594641,-0.935313015,0.221909758,-0.072968235,-1.068927832,-1.151244697,1.694911543,1.327567152,0
0.9361329,0.628134097,0.364781454,-1.301362004,-1.990288899,-0.342947054,0.072751357,-0.693979381,0.601874917,1.860039623,0.962504637,1
-0.233810766,-0.103841155,-0.944946685,-1.022169273,-1.055372509,-0.526775692,-0.295231112,-0.474634675,-0.226398538,-0.886654468,3.056502833,1
-1.164633524,-0.166041176,0.219040145,1.267859619,0.966305703,1.138551671,-0.344915044,0.340151272,-0.808156097,-0.757127621,-1.164646102,0
-0.34537223,-1.541551593,-0.69391597,1.620005419,0.324492841,-1.66438764,0.509967128,-0.677370429,1.970661629,-0.72826467,-1.573762698,0
-1.202162481,2.23819314,-0.89661431,-0.208485277,1.564717846,-1.230873165,-0.833798027,0.605165237,-0.358438878,0.868524755,2.239250951,0
0.584275411,-0.986089217,1.501492665,1.188189466,-0.104260409,-1.206434427,1.289646747,0.096721999,0.738090037,0.873988613,0.869215279,1
-0.322736847,-0.470320628,-0.460920854,-0.727655958,-1.205589929,2.103363607,1.479813967,-0.671818952,-0.849921876,0.586313351,-0.815085097,0
2.208780403,0.354395892,0.259028652,-1.11694476,-0.576998438,0.327540642,1.31586806,0.67183535,-0.147128108,0.077019849,-1.012021834,1
0.88721678,-0.896972614,0.509010016,1.293906179,-1.132438614,-0.758032491,1.319739333,-1.078278831,-1.152782812,0.876517564,-0.402302633,0
0.835161335,0.870936122,-0.46283919,-1.069010723,-1.470579037,1.170373188,0.130907891,0.161542953,-0.402098748,-1.018266507,-0.901921105,1
-0.624721603,0.382540144,-0.829689592,0.088301341,-0.589921244,-1.199492086,0.510474196,-0.393219527,-0.242104354,-0.114662638,0.026959783,0
1.244295486,-0.199934036,-0.745407353,-0.028437951,0.29100522,2.161617588,0.614872722,0.237532871,1.251600892,-1.055858668,0.784638767,1
-0.565085305,0.903624188,-0.357189744,0.364084335,-0.276281525,-0.816884759,-0.774779553,2.093607389,1.862506464,0.439472287,0.647635156,0
-1.782814262,0.631927221,-0.471438336,-0.970212638,-0.401726847,-0.682865809,-1.619459746,-0.40231481,1.094071844,0.097911742,-2.665209801,0
-0.135715232,-0.067522656,-1.586458811,-1.033854584,-0.073013292,0.168750783,1.239847201,-1.420985122,0.286646551,-0.274835495,1.182261874,1
0.770436773,-1.318989752,0.396279227,-0.415252252,0.256606646,-1.64323564,0.223379618,-0.534271731,0.640248896,-0.364797028,-0.414973169,0
1.328786156,-2.446162336,0.429512531,-0.26307703,-0.356606862,0.108699774,0.85701807,-2.515277443,-0.787731947,-0.723525691,-4.823628672,1
-0.646477639,-0.895014307,0.529551255,1.291372096,1.316551409,-0.545498505,1.369819167,0.016934537,0.835305058,-0.68619678,-0.813114812,1
0.887121452,2.087354603,0.414229658,-0.352728509,0.105973543,-0.684048389,0.626750095,1.124332214,-1.010805449,-0.037149141,1.776440078,1
2.009485052,0.739172932,-1.897681956,0.208848119,1.608978142,0.228401676,0.310771383,-0.500697665,-1.102283459,-0.419938879,2.616821384,0
1.372610491,-2.075098572,-1.404613854,-0.321623971,0.118498322,-1.167404708,0.261290411,0.0124187,0.743025785,0.790870035,-2.779639292,1
1.857000021,1.509305024,0.92989847,-0.254360904,0.690031257,0.549623956,-0.712418896,0.986632349,-0.010418083,1.618114903,3.936989498,0
-1.042144228,-0.596568269,-4.43E-05,-0.432274512,-0.317942038,2.010327113,1.267672372,2.169458651,1.340719265,-2.424108955,1.528839474,1
0.179181554,-0.114011885,-0.71966937,-0.571446442,0.231275025,-0.496046588,-0.879394868,0.416957951,0.58226194,-0.060796584,-0.022069751,0
-1.03641741,0.432221644,0.545396703,1.275319845,-0.428083158,-0.324880075,1.443809267,0.058816357,-0.916394336,0.892404799,2.594644413,1
1.56815672,0.711640119,-0.715528543,0.640437095,1.248852193,0.808462046,0.092284034,-2.31708827,0.342290776,0.186549729,1.591487423,1
0.650713363,0.134720729,0.62618496,0.31788715,0.366345783,-1.751526863,2.136156164,0.15796614,-0.926870125,-1.151906143,1.157127977,0
-0.300873667,-0.49996681,0.503203752,-1.832126415,-0.022241067,-0.078473049,1.361556469,-0.568646571,0.275732615,-0.501455958,-1.565553009,0
-0.941334788,1.520580731,-0.838601324,0.040308359,1.162205278,-0.770630525,-2.233225738,-0.812015773,0.854443958,-1.013657063,1.666309394,1
0.950114957,-0.590227877,-1.226587943,-1.648059334,-0.517612431,-0.04062978,0.622135219,0.379341748,2.785514027,-0.315050782,-0.138139211,1
2.026712639,0.633624922,-0.15856227,0.398046948,-1.138093273,0.143725304,-0.951069879,1.333810526,0.35077339,-0.09311716,0.175788795,1
0.970793629,-0.517821318,0.204959555,0.009896876,0.515044565,-2.623853551,-1.21754788,1.115751,-0.469213936,0.040377655,1.989601375,0
-0.647435622,0.585652403,1.716846905,0.442698832,0.792515544,0.521080889,0.965774482,0.167436235,1.671186832,0.397915766,-2.32762663,0
1.200514642,0.317918456,1.142162043,0.571775703,-0.07805222,-0.060705575,0.355675584,0.727825129,-1.166354161,1.477566593,0.900779548,1
0.590515777,1.013188615,-0.438967823,0.302682655,1.2183645,0.447189215,-0.115716844,-0.153541121,0.596798201,0.829100354,1.129038484,1
-0.736631889,1.723389907,0.648015236,-0.828573688,0.238798884,-1.862271771,0.191509524,0.895922811,-0.34832636,0.519685765,3.573786757,1
0.4038756,0.29010478,-1.153141508,1.150150174,-2.911536072,0.334032652,-0.064576162,1.316060313,0.758443028,-0.77814769,0.003349515,0
0.873456386,1.182079885,-0.879856211,-1.240240216,2.259255155,0.457966942,0.188865007,0.507956498,-0.827116036,0.385338598,1.178923065,1
0.879116214,-0.663053384,-0.041569202,-1.701656321,0.683106702,0.044454819,0.273897543,-0.888138175,1.379929479,-1.613666685,-0.080341202,0
-0.82860239,-0.318010977,1.989579968,0.583014452,-0.869431012,-0.254445734,0.382629502,0.031457153,1.224189097,-1.25838154,-1.006429142,0
-0.702976379,-1.767324277,0.428665792,1.357599512,1.731641809,0.38345581,0.317805506,0.297873384,2.102144048,-1.61502152,0.266635837,1
1.449394742,-3.430538167,0.235966507,-0.841103616,-2.317204404,0.724278136,0.938653371,0.947167064,-0.392307522,1.408073541,-3.583317462,1
1.415957645,-1.318559603,1.063430429,0.123123537,-0.785010504,-1.848217836,0.524599662,0.121354746,0.927749196,-0.123571842,-1.376873345,0
-0.754623168,-0.083466344,-1.737261463,0.643865052,-0.646661834,0.000475582,0.598196677,-0.085799622,-0.105281981,-0.105662486,-0.442505966,0
0.363679065,-1.477438835,0.032982319,1.244050603,-0.65522982,1.225550599,1.79889647,1.194081692,-0.018677334,0.091637177,-1.607131642,1
-0.820207768,-0.308337644,2.348863855,-0.762050881,0.471404737,0.384443323,1.223584021,0.905173078,0.028303168,0.7332406,-0.811782726,0
-1.535085766,-0.358729098,1.094061648,-0.019964518,0.589452065,0.767966883,-1.086552161,0.66572428,-0.687406302,0.585952633,2.932639526,1
0.346391099,0.629886038,-1.526012373,1.443389272,-1.396413593,-0.214449688,1.725155741,0.397811666,-0.273298251,0.837546284,1.820116741,1
0.158169601,1.305189561,0.79234021,-0.690180729,1.3190161,0.508250275,0.503036289,-0.603576353,-0.931005748,0.603717158,1.882280524,0
1.212782877,-1.489536718,-0.229798429,-1.283092142,-0.212128517,0.063634125,-0.984582288,-0.665377139,-1.456183407,1.428653316,-2.320789209,1
0.289627185,-0.448113717,0.595169045,-0.809964335,-0.039475963,-0.804036402,0.113180084,-0.860493965,1.268429708,-0.339143311,-0.32473081,1
-0.640808634,-0.639626334,-0.93773062,-0.348846285,0.550775538,0.199003918,-0.689980964,0.182560156,0.820656862,-0.321588928,-0.148686247,0
-0.564537906,1.294850265,0.971580908,0.418348589,-0.64171835,1.687098061,-1.521693893,-1.015666218,-0.351246857,-0.485849875,1.205542445,0
0.038121297,-0.631086143,0.29620304,1.204281125,0.446872128,-0.921011818,-0.708910268,0.025688979,1.524508978,1.826091368,-0.24654635,1
-0.95224316,0.150324601,0.563465857,0.525735556,-0.984079157,0.212618953,0.286500397,-0.299220954,-0.610234598,1.460456922,2.234049866,1
-0.907592436,-0.45152692,0.320875727,-0.719007934,0.674117707,-1.127431254,1.995804293,-0.391819064,-0.599173358,-0.962000488,-2.693521948,0
0.766448993,0.595318444,-1.336342353,-1.620659627,2.197360742,-1.515653425,0.253396166,0.551666269,1.196594475,-0.265884523,1.986288857,0
-0.4187358,1.519810561,-1.31941355,0.631298376,0.472129331,0.989637631,-0.30641843,0.024530234,-1.796585837,0.513963861,3.521359691,1
1.76263856,0.923773856,-0.757001084,1.34545777,0.6695754,-1.383823071,-1.518216344,-1.327717916,-1.121060459,-0.379998941,2.409123904,0
-1.533901533,-1.108219085,-0.749956987,0.532355331,0.864568729,0.731262065,-0.358618604,-0.387315349,-1.037726198,-0.517743506,1.340211981,1
-1.111103651,0.467725439,0.444191074,1.061227745,-0.275986146,-0.23371056,0.546954861,0.958405758,3.239685615,-0.299327998,-0.489379234,0
-1.172856822,1.293549012,1.073788324,0.639282327,2.039170192,-0.955799221,0.031365156,0.136563645,-1.395331433,0.994015063,2.390070644,1
-0.856759259,-0.680892419,-1.078904746,1.632651827,-0.289030447,-1.39104204,-0.123572711,0.721319025,0.080085891,1.360416498,0.230940188,1
-1.273100559,-0.133342554,0.224689096,-0.040749768,-0.097052329,0.491339425,0.835504454,-0.228844967,-0.285654309,0.571850914,-1.827403755,0
0.261407448,1.917970412,0.943580736,-0.524448141,-0.721047212,1.048382898,-1.14225061,1.002953205,0.944089365,0.049453452,1.385532615,0
-1.163326752,0.467385637,0.186339832,0.426684546,-1.984982158,0.906199894,1.236315371,0.552861509,-1.013884382,-1.692878683,-1.51626212,0
0.910822445,-0.911808367,0.782332092,1.179038167,0.867092777,1.31028397,-0.041089905,-0.063776216,-0.463518708,0.996436306,-1.441772454,0
0.369410963,0.43642823,0.087643673,0.286362204,0.958003843,-1.442865894,-0.110172649,-0.392223428,0.119846637,-2.136509281,1.220103716,0
1.875529147,-0.818411718,-1.645117702,-1.436294758,0.005879258,1.214196401,-0.223393698,1.161835793,-1.214721322,1.116544716,-3.017832423,1
-0.340419704,0.264100797,-0.640962522,1.107304752,-0.404545417,0.472613096,0.217130924,-0.97718206,1.326758449,-2.430708449,1.436781951,1
-0.726159397,-0.84521068,-0.304744762,-0.257145838,1.359332881,1.776975841,-0.393604202,1.093260588,0.275418221,-0.461556903,1.523429483,1
-2.165905522,-0.797696451,-0.443251791,0.664916626,0.129440158,-0.241184755,-1.238228523,1.487197931,-0.68533985,0.126951348,-2.877760472,0
0.845888886,0.584791359,0.633075324,0.750531478,1.997826993,-0.395643608,1.001581208,-0.236351148,0.259567927,-0.333463946,0.512873833,1
-0.057375671,0.197469994,-0.316745898,0.588212157,-1.314628536,-0.741403856,0.35295807,-0.557355365,-2.294304355,-2.579532919,0.062022988,0
0.496087347,-1.767518412,1.395491876,-0.068560888,-0.6654516,2.486291692,0.101217451,-0.25704982,-0.626010091,-1.717700406,-1.243370281,1
-0.068858251,-0.973400465,0.038924236,0.966295517,1.429354116,1.016705712,0.122152738,0.131915109,-0.520401015,1.506624643,-0.486342305,1
-0.792810634,-0.801082893,-0.144503952,0.012329731,-2.078746803,0.203907992,1.035365901,0.764769465,0.757829521,-0.348784049,-2.440172587,0
0.711580942,-1.557795957,0.976268457,0.281612405,-0.122065125,0.61346832,1.027677374,-0.504786276,0.427324223,-0.402618491,0.173089435,0
0.25593043,-0.811862324,-2.030786698,1.620651676,-0.006814178,-0.065072994,-0.399838818,-0.805473546,1.959690645,1.043668291,1.052221557,0
0.006599545,-0.699022896,-0.510799898,-0.638047682,0.779009695,0.489731566,0.413959238,0.107048023,-0.956768061,0.22303786,-2.550993163,1
-0.644737035,-0.462209021,-1.076782135,-0.851809509,0.132196474,1.748222552,0.078396297,-1.245132285,0.956647999,0.673456121,-0.575907289,0
1.111980956,-0.465091511,-0.093421874,-0.065033936,0.666866885,-0.9764658,-0.936798369,-0.113494157,0.369924333,-0.575333983,-0.343816684,1
0.5191344,0.221340617,-0.882623623,-0.460171932,0.44975448,-0.881259802,-0.847759121,-1.71122389,-0.198223034,-0.638804897,1.10403405,1
-0.905721991,1.764219154,0.070562988,-1.719700439,-0.84294061,0.267530207,-0.752532151,-1.129975072,2.392970991,-1.007444439,0.475715795,0
-0.836479009,0.691850874,0.385531879,1.44632752,-0.27113341,0.714097355,1.321797201,0.26811458,0.84904848,0.003145161,0.283707976,0
0.209795315,-1.922253381,-0.442074881,1.20555102,0.152993215,0.706113314,0.263099158,-1.413262378,0.797852339,-1.467053328,2.250760929,1
-0.032668566,0.708500798,-0.836491047,-0.384403066,-0.745673815,1.29083123,0.875234242,-1.596662852,0.037456205,0.192711876,0.098909752,0
-0.319704569,0.054338878,-0.130253935,-0.675235853,0.833985525,1.850663694,0.561133899,-0.19982131,-0.773321108,-1.145227077,0.020775907,0
0.864710724,-1.789016772,0.552270303,-0.118885917,-0.104376439,-0.897439522,0.180648118,0.600850612,1.146130942,0.771436332,-3.040225167,1
-0.689663339,-0.027041772,1.627919497,0.416253069,-0.258547245,-1.234333809,-0.092144006,1.610539101,-1.407219535,-2.134900618,0.757004315,1
2.313592433,0.814297649,2.138562163,0.528925957,0.350946873,-0.910484611,0.889505318,-0.189482361,-0.057611696,0.098703257,0.459357207,1
-0.859574511,0.318279517,0.779946434,-1.232341033,-1.923029796,-0.756984355,0.716239565,0.542374911,-0.648945258,1.689995275,-1.313718871,0
0.796375833,0.071744261,1.43677246,1.108036175,0.893969,0.75493383,1.475172974,0.827859459,-0.370764762,0.245644164,0.600390978,0
-1.535830901,0.141357141,-2.094158234,-0.854636217,1.800302663,-0.889373051,-0.867415539,0.353908803,-0.766030466,0.673997236,-2.45340164,0
-1.129382883,1.277817828,1.353068319,-1.155306997,0.166665483,0.050477717,-0.199568236,-1.135039997,0.027460532,0.899471472,4.529664022,1
-1.182543984,0.529148946,0.005663324,-1.353534524,-0.735888063,-1.43566861,-0.104592601,0.430121054,-0.972080235,0.785948342,2.855855788,1
-0.354675807,0.131714289,-2.664050258,-0.444949184,-1.430862497,-0.185992365,0.22669146,-0.623749769,-0.715687089,0.794494403,1.346473318,1
1.197891177,-0.096895597,-1.388614751,-0.594969608,2.068955901,-0.477958665,1.363320683,0.620655641,0.373682084,0.105772809,-1.214652353,1
0.800485009,0.430238457,-1.365766399,0.094632869,0.01585203,0.382702886,1.06352022,-0.772159351,0.194116014,2.141923144,3.466221254,0
1.867688212,0.589822231,0.686608813,-2.703383398,0.506132201,-0.432405597,-0.607165173,-2.141076736,1.48010611,-0.069285026,2.191314652,0
-1.238064744,0.086198888,0.692491169,-0.330235576,0.251127994,2.505449746,-0.723026595,0.028819025,-1.083479612,1.670495315,-0.841097172,0
0.390814523,0.628138209,-0.242488942,-1.266970902,-1.219708848,-0.537623883,0.471002792,-1.324590233,0.573098321,-0.68459716,2.428391881,0
-0.259909648,-0.424714892,0.651793542,0.547583729,0.41467392,1.092524291,0.439104951,1.096121855,-0.2966985,-1.514895826,-0.762588589,0
0.504634154,-1.036637176,0.592834996,0.846717051,-0.699336783,-0.616313754,0.088019474,-0.532498374,-1.174572541,-1.802509871,-2.192780057,1
1.054273597,1.510164511,0.160955918,0.165881793,-0.378512514,1.272634908,-0.849422564,0.260778218,0.766675743,1.336172508,2.698862685,0
-0.877475886,1.118396119,-0.449150321,1.169537972,-1.086470949,0.801536533,0.076351182,0.06228282,0.034162238,0.615633422,2.839270372,1
0.014515811,-0.821955343,0.19968504,0.667255469,-1.018468797,-0.276887997,0.170198856,-0.669521733,-0.738970206,-0.612653937,-2.254358877,0
-0.664161768,-0.118020821,0.52630749,1.420570099,0.806630713,-0.093785848,-0.808391437,-0.631575842,0.280391983,-0.03518474,-0.662770379,0
1.914343891,-0.931516349,-0.437402014,-0.061536595,-0.065832792,-0.940172199,-0.442190187,0.789222088,0.043815361,0.334045753,-0.939045126,1
0.878857838,1.223393559,-0.881588464,1.333549062,-0.062961365,1.045227818,-1.713037452,-0.706220864,-1.124286148,-0.567171342,2.09716249,1
1.878687062,-0.013694692,-0.869218087,2.346734278,-1.020915085,-0.148472365,-0.578368069,-0.693552182,0.630293517,-0.762335385,-0.651749284,1
-2.783117126,1.060358367,-0.03575951,-0.163154373,1.722648588,0.207607226,-0.180114842,-0.397942724,0.346941546,0.734290089,5.094951079,1
-0.181763946,-0.564842251,-0.562299416,-0.54542018,-0.730428546,-0.005388925,-0.060057862,-1.475874483,1.29101453,-0.808533497,-1.780261037,0
1.242087319,0.308473001,2.018347346,0.455343452,0.001459117,1.006476528,0.113809747,0.855377663,0.91269855,-1.979647285,0.350037927,1
0.297025486,0.214887526,1.78131513,0.638504075,1.244866451,0.726824172,0.122024876,0.064932394,-1.157521285,-0.495298211,1.850245955,0
-0.843254671,1.2812436,-0.372459085,-0.814187773,-0.564660104,-0.267863983,-0.267638424,-1.036697015,0.269261185,0.500917652,1.655980786,1
-1.070982148,0.967585717,-0.594546539,-0.435179502,-1.066591511,-2.030760535,0.934070178,0.495411434,0.154457094,0.141792097,3.133501148,1
0.220015771,1.205803654,-0.321953363,-0.387700153,0.577394785,-0.686697401,1.269510583,0.614181961,-0.282242441,-0.105078866,-0.179485084,0
-1.501846594,-0.756983496,0.130171165,0.636546679,1.128136619,0.753122594,1.354312285,0.301107898,1.018647089,0.495324239,2.807728629,1
-0.695270767,0.103805483,0.147879868,-0.495975419,-1.244172352,0.228203207,-2.214012229,-0.871591754,-1.910385276,-0.190402733,0.53607107,0
0.114113992,1.530257569,0.482150329,1.188586373,-0.915232283,-0.386778241,-1.323060006,0.44111284,0.852441523,0.491522074,3.269370443,0
-1.609154028,-0.520691993,1.867978541,0.765065766,-0.666020822,-0.51085174,0.05071266,-0.874982868,0.309916432,-0.302159624,-2.306693883,0
0.149534811,-1.484363292,0.685079959,-0.680995241,-0.827433615,-0.093938677,0.53175888,-0.158022535,-0.802056827,-0.451997186,-1.490302067,1
1.396328724,0.722362046,-0.798145728,-1.426327559,0.427075713,-0.492989754,-0.527502685,1.562801584,-1.433062441,-0.563103377,2.225483324,0
0.126721803,-0.082886756,0.10012269,0.792800573,1.009129551,-0.548154168,1.396656193,-0.177538421,0.320142239,-0.135065068,-0.41313661,1
0.54432939,0.638860106,-0.693673427,-0.166553723,1.018512389,-0.572702357,2.705134842,1.020206429,-0.411847603,0.78435163,1.76650977,0
0.68693464,-0.193444513,0.010413791,0.438282373,-0.721038344,-1.205492763,-0.315444742,0.470834681,-0.16828903,0.230389941,1.095340547,0
0.313097699,-0.315803338,-1.20364746,-0.18987778,0.93143251,-0.042196886,-0.19457399,-0.950452672,-0.318835149,-0.762849358,-1.025402272,1
-1.283927249,0.727632882,0.607980313,0.417351915,-0.790425076,-2.145911606,0.551583083,1.325794085,0.430779715,0.096756226,2.027981635,1
-0.662592562,-0.366515715,0.199325441,0.424785617,-0.714868222,1.124112412,-0.486226628,-0.364461255,0.357277941,-0.917105827,-1.245441239,0
-0.198255319,0.306724005,-0.887388357,0.217636041,0.831192224,-0.145526465,0.031208912,-0.673201937,-0.724679595,-0.004858501,-0.216306452,1
1.624938347,-1.308638576,-0.349594916,0.15410406,0.405556623,-0.368515086,0.46640094,0.737797089,-0.323606815,0.060777553,1.03364,0
0.272690784,0.059857283,0.919852589,-0.73872243,0.157096892,0.091924017,-1.757614018,0.427105043,-0.183795727,0.446860827,-0.243515251,0
-0.175975652,0.01757147,-0.065590079,-0.058346669,1.266626914,1.242036865,0.688202324,-1.370844327,-1.671840415,-0.82104549,3.328337975,1
-0.616738562,0.483075567,-0.214499234,-0.413175525,0.891048714,0.158215927,-0.728212087,0.824214579,-0.244829132,-0.817626101,0.254637805,0
-0.266356858,-1.475311601,-0.717654642,0.342717495,1.11291358,-0.137377017,-0.869664247,-0.522886503,-0.74775737,0.3024249,-1.922178326,0
-0.002876033,0.507947949,0.101836812,0.769453295,-0.399386465,1.473076557,-0.310245346,-0.748124103,0.663183032,2.6499459,1.734645807,0
1.141104144,-1.962262612,0.597077129,0.058073464,-0.493964549,0.418866105,0.104589309,-0.034175958,-0.616575333,-0.946757033,-2.384002314,1
0.042185227,-0.689099082,0.882454439,1.394708798,0.939500615,1.35159553,0.026534431,-1.238250264,0.879773626,0.844641445,0.058784222,0
-0.505292449,-2.041410698,0.08185922,0.887962402,-0.646475685,0.780822364,1.285075865,1.437652491,0.666326155,0.744277071,-2.99458004,0
-0.472077634,-1.573505889,-0.182116402,0.323570194,-0.13440689,-1.559074212,-1.454136949,-1.268923031,-0.158554635,1.173773636,0.535267154,1
-0.080731526,-0.157881499,0.30137702,-0.988918222,0.133526851,-0.578235075,1.669808827,-1.141558393,0.476175559,1.192021779,1.362831203,1
0.70961702,0.201632472,-0.977055624,-0.686145951,1.220054678,-0.424108798,0.177127286,0.85179884,-0.847280641,1.652209064,-1.188321441,1
2.042839341,-0.71940015,0.519936105,0.64351735,0.097791177,-2.193949944,-0.070949885,1.442085649,-1.815912542,0.352641677,-3.194874762,1
-0.264252381,-0.122596409,-0.663001635,0.303450604,-0.28032407,0.103046457,-0.396113812,1.007687565,1.204456312,1.016650762,0.028971891,0
0.914625026,-0.610153142,-1.748494916,2.550108642,1.07171395,1.391319672,-0.144280352,-0.18092032,1.035577178,0.177465777,-1.243785394,1
-1.49552428,-1.177800867,1.231594344,-1.025390981,0.143024892,-0.707147653,-0.082985609,0.844628914,0.218837502,0.731484721,1.794467851,1
-0.784684591,-1.543140212,0.849071128,-0.033650358,-0.269306317,0.301711327,0.461586915,2.494821487,0.228346372,0.635184532,0.967594536,1
-1.010048493,-1.365905432,1.085814283,0.186907967,-0.89283862,1.573618299,2.213957233,-0.097923553,0.698073997,0.277146235,1.281643979,1
-0.722282687,0.285300569,-0.095786916,1.594858929,-1.006859763,-2.06092508,0.113033594,0.383336592,-1.073820076,-1.21502969,0.8820369,0
-0.298777851,0.333535169,-2.601682895,2.609707957,0.11039982,-0.247575742,-0.345891758,-0.136369204,-1.315760185,0.867529162,0.629195897,0
0.104088836,0.967522908,-1.236074855,2.160384247,-1.577676664,1.220152931,1.194697315,1.928226933,-0.33550387,1.641895993,-0.070557955,0
0.655900112,-0.422994533,-1.102091635,0.308221033,-0.281160226,-0.228441071,1.01850711,1.098302426,1.097364525,-0.038602703,0.605582618,1
-1.025360701,0.143495535,-0.247582337,2.183303387,0.166571263,0.993812112,-1.835905222,-1.523165118,0.735216372,0.696834667,-2.357708486,0
0.12960496,0.634775825,-0.012125961,1.778535262,-0.024293933,0.594187017,-0.041257696,-0.284687754,-1.050487724,-1.416733524,1.517593607,1
